{
  "CAGR": 0.22498,
  "Annualised_Return": 0.22498,
  "Annualised_Vol": 0.0633,
  "Sharpe": 3.2241,
  "Treynor": 0.17792,
  "Information_Ratio": 1.2591,
  "Beta": 1.147,
  "Alpha_annual": 0.107,
  "VaR_95": -0.0856,
  "CVaR_95": -0.1227,
  "Skewness": -0.4451,
  "Kurtosis": -0.0466,
  "RF": 0.0209
}